"node","externalField"
"depr",0.0773681410461827
"effort",-0.119797583886802
"sleep",0.0494596232587255
"happy",-0.104091934216912
"lonely",-0.17567873204567
"unfr",-0.986461537433283
"enjoy",0.557001973588348
"appet",-0.535077952017767
"sad",0.146278131935459
"dislike",-1.11846176456587
"getgo",0.0964797463481583
"loss",-0.0382411673901655
